{
  "parameters": {
    "lambda_over": 10.0,
    "lambda_under": 0.1,
    "theta_queue": 0.1,
    "order_size": 5000
  },
  "smart_router": {
    "total_cash_spent": 1113970.9687936127,
    "avg_price": 222.79419375872257,
    "executed": 4999.999999999999,
    "remaining": 0.0
  },
  "baselines": {
    "best_ask": {
      "total_cash_spent": 1113891.62,
      "avg_price": 222.77832400000003,
      "executed": 5000.0,
      "remaining": 0.0
    },
    "twap": {
      "total_cash_spent": 1113971.0812000001,
      "avg_price": 222.79421624000003,
      "executed": 5000.0,
      "remaining": 1e-323
    },
    "vwap": {
      "total_cash_spent": 1113970.9525000001,
      "avg_price": 222.7941905,
      "executed": 5000.0,
      "remaining": 0.0
    }
  }
}